id,first_name,last_name,email,gender,language
1,Daryle,Cowcha,dcowcha0@wp.com,Male,Papiamento
2,Dare,Yandell,dyandell1@omniture.com,Male,Filipino
3,Halley,Lagne,hlagne2@geocities.com,Female,Hungarian
4,Leonhard,Methley,lmethley3@pcworld.com,Male,Croatian
5,Evelin,Dufall,edufall4@google.ru,Male,Dzongkha
6,Garv,Pankhurst.,gpankhurst5@epa.gov,Male,Filipino
7,Evangelina,Unworth,eunworth6@imageshack.us,Female,Luxembourgish
8,Aurilia,Birdall,abirdall7@kickstarter.com,Female,Tswana
9,Janine,Ridolfi,jridolfi8@chron.com,Female,Norwegian
10,Pennie,Cruess,pcruess9@accuweather.com,Male,Burmese
11,Gerhardt,Clissold,gclissolda@e-recht24.de,Male,Gagauz
12,Jessamine,Roby,jrobyb@jiathis.com,Female,Czech
13,Ines,Brabender,ibrabenderc@telegraph.co.uk,Female,Latvian
14,Nilson,Loseby,nlosebyd@sun.com,Male,Malay
15,Amalita,Maleney,amaleneye@paginegialle.it,Female,Kazakh
16,Marge,Lermouth,mlermouthf@techcrunch.com,Female,Bengali
17,Gail,Burden,gburdeng@jalbum.net,Female,Hiri Motu
18,Martie,Fullagar,mfullagarh@ustream.tv,Female,West Frisian
19,Donall,Gairdner,dgairdneri@topsy.com,Male,Polish
20,Saunderson,Pervew,spervewj@tuttocitta.it,Male,French
21,Hewet,Norcutt,hnorcuttk@abc.net.au,Male,Oriya
22,Pearce,Eshmade,peshmadel@studiopress.com,Male,Bulgarian
23,Pearle,Spinello,pspinellom@friendfeed.com,Female,Albanian
24,Gallard,Woodhams,gwoodhamsn@hexun.com,Male,Fijian
25,Francisco,Milella,fmilellao@buzzfeed.com,Male,Georgian
26,Georgena,Hutchens,ghutchensp@blogs.com,Female,Portuguese
27,Barnebas,Croster,bcrosterq@paypal.com,Male,Catalan
28,Urbain,Darrigone,udarrigoner@unc.edu,Male,Tajik
29,Lauralee,Buttress,lbuttresss@facebook.com,Female,Estonian
30,Forest,Gamett,fgamettt@w3.org,Male,Gagauz
31,Bennett,Brown,bbrownu@spiegel.de,Male,Amharic
32,Sholom,Dreschler,sdreschlerv@mozilla.org,Male,French
33,Jodi,Kobpac,jkobpacw@over-blog.com,Female,Fijian
34,Itch,Jarvis,ijarvisx@dailymotion.com,Male,Nepali
35,Ezri,Hinge,ehingey@unicef.org,Male,Catalan
36,Sayres,Prandin,sprandinz@bloglovin.com,Male,Tetum
37,Tallie,Dexter,tdexter10@virginia.edu,Female,Belarusian
38,Dwayne,Averay,daveray11@amazon.co.uk,Male,New Zealand Sign Language
39,Shelia,Roussell,sroussell12@pcworld.com,Female,Hindi
40,Bryan,Hatter,bhatter13@bandcamp.com,Male,Tswana
41,Eba,Novkovic,enovkovic14@squarespace.com,Female,Amharic
42,Shelby,Scotcher,sscotcher15@wiley.com,Male,Thai
43,Garv,Carmel,gcarmel16@weather.com,Male,French
44,Mitchel,Butcher,mbutcher17@deliciousdays.com,Male,Maltese
45,Kippie,Binnes,kbinnes18@nsw.gov.au,Female,Georgian
46,Bernarr,Penner,bpenner19@uiuc.edu,Male,Polish
47,Keen,Lupson,klupson1a@yandex.ru,Male,Estonian
48,Julienne,Kahane,jkahane1b@123-reg.co.uk,Female,West Frisian
49,Aime,Archbell,aarchbell1c@google.it,Female,Georgian
50,Aindrea,Warratt,awarratt1d@rambler.ru,Female,Georgian
51,Clareta,Abrey,cabrey1e@google.nl,Female,Croatian
52,Tarrance,Lambird,tlambird1f@wsj.com,Male,Polish
53,Rasia,Haime,rhaime1g@networkadvertising.org,Female,Hebrew
54,Janifer,Broster,jbroster1h@dell.com,Female,Georgian
55,Brant,Charette,bcharette1i@disqus.com,Male,Dari
56,Hakim,Towers,htowers1j@edublogs.org,Male,Guaraní
57,Prissie,Doohey,pdoohey1k@prnewswire.com,Female,Luxembourgish
58,Byron,Northcote,bnorthcote1l@netvibes.com,Male,Greek
59,Vernice,Ferdinand,vferdinand1m@pagesperso-orange.fr,Female,Khmer
60,Laughton,Briance,lbriance1n@usnews.com,Male,Māori
61,Quincey,Cleynman,qcleynman1o@ucoz.com,Male,Spanish
62,Lorine,Romanet,lromanet1p@xinhuanet.com,Female,Malagasy
63,Iago,Jammet,ijammet1q@narod.ru,Male,Tswana
64,Kitti,Matura,kmatura1r@miibeian.gov.cn,Female,Gagauz
65,Wilma,Atyea,watyea1s@jimdo.com,Female,Maltese
66,Pollyanna,Coull,pcoull1t@google.ru,Female,Northern Sotho
67,Gerhardine,Barcroft,gbarcroft1u@economist.com,Female,Afrikaans
68,Wallache,Robottham,wrobottham1v@canalblog.com,Male,Yiddish
69,Damien,Gorioli,dgorioli1w@vkontakte.ru,Male,Bislama
70,Clem,Pratt,cpratt1x@ibm.com,Male,French
71,Tudor,Stockoe,tstockoe1y@blogger.com,Male,Haitian Creole
72,Isidora,Goad,igoad1z@photobucket.com,Female,Korean
73,Rene,Klazenga,rklazenga20@virginia.edu,Male,Hebrew
74,King,Pleaden,kpleaden21@networksolutions.com,Male,Hungarian
75,Fred,Grisewood,fgrisewood22@twitpic.com,Male,Telugu
76,Eziechiele,Shoard,eshoard23@vk.com,Male,Luxembourgish
77,Merrilee,Lyfe,mlyfe24@nhs.uk,Female,New Zealand Sign Language
78,Bel,Esmead,besmead25@mapquest.com,Female,Lithuanian
79,Ganny,Taber,gtaber26@ibm.com,Male,Albanian
80,Amandie,McGowan,amcgowan27@amazon.de,Female,Somali
81,Pren,Pallin,ppallin28@youku.com,Male,Telugu
82,Mersey,Stanwix,mstanwix29@flickr.com,Female,Macedonian
83,Vinny,Giaomozzo,vgiaomozzo2a@yahoo.co.jp,Male,Moldovan
84,Bentlee,Zaniolo,bzaniolo2b@printfriendly.com,Male,Hungarian
85,Claudette,Beardwood,cbeardwood2c@oracle.com,Female,Swedish
86,Tine,Bennit,tbennit2d@newyorker.com,Female,Hebrew
87,Buiron,Ducarel,bducarel2e@mtv.com,Male,Latvian
88,David,Regglar,dregglar2f@sohu.com,Male,Lao
89,Humfrid,Ramm,hramm2g@arstechnica.com,Male,Malayalam
90,Seth,Kytter,skytter2h@cdbaby.com,Male,Yiddish
91,Alejoa,Bonham,abonham2i@ft.com,Male,Bislama
92,Dido,Benezeit,dbenezeit2j@usgs.gov,Female,Belarusian
93,Genvieve,Mylan,gmylan2k@bloomberg.com,Female,Portuguese
94,Sven,Fligg,sfligg2l@infoseek.co.jp,Male,West Frisian
95,Cy,Comber,ccomber2m@oakley.com,Male,Kazakh
96,Albie,Sharrocks,asharrocks2n@4shared.com,Male,Dutch
97,Betteanne,Plampeyn,bplampeyn2o@chicagotribune.com,Female,Catalan
98,Earle,Meneo,emeneo2p@ask.com,Male,Greek
99,Pooh,McSharry,pmcsharry2q@wix.com,Female,Macedonian
100,Esdras,Mallen,emallen2r@mapy.cz,Male,Swedish
